Full Name,Email,Phone,Address,Registration Date,Age
Aaron Mann,philip17@gmail.com,850-847-8438x988,"0250 Matthew Underpass Apt. 858
Nortonfort, MI 60573",2024-06-06,54
Abigail Green,ivan32@hotmail.com,480.451.5497x0108,"795 Cummings Radial
South Laura, TX 64083",2023-05-27,52
Abigail Williams,ssantos@gmail.com,595.585.1573,"0051 Williams Shoals
Port Clintonfort, CO 35766",2024-02-12,54
Adam Hill,hsparks@gmail.com,156.102.3929x9206,"0657 Davis Village Apt. 131
Lisaland, MD 97451",2022-01-17,43
Adrian Kane,vbeasley@hotmail.com,+1-133-647-4503x45099,"49203 Davis Causeway Suite 580
Lake Crystalside, AK 75722",2020-09-28,61
Albert Strickland,lovecynthia@ellis.biz,+1-832-153-6818x5177,"393 Kayla Lodge
Deborahshire, OR 44258",2022-03-01,38
Alejandro Ramirez,graysamantha@melton.com,590.156.6248,"21575 Mark Gateway Suite 719
North Scott, WY 40079",2023-09-15,66
Alex Jones,fhall@gmail.com,+1-837-114-7186x4908,"27416 White Ford
Rachelview, NM 23070",2020-10-30,69
Alexandra Mendez,fgraham@estrada.com,(893)883-7180x44692,"48154 Todd Locks
Frederickville, TX 13598",2023-05-18,46
Alexandria Flores,ricardo62@lewis-middleton.com,+1-170-451-9330x598,"9401 Kathy Cape
Gutierrezmouth, WA 84683",2023-11-16,41
Alexis Beltran,coopertyler@hotmail.com,6341812174,"0188 Salinas Shoals Suite 742
Hernandezburgh, WV 84265",2022-07-05,50
Allison King,katherine85@yahoo.com,001-142-623-6784x08000,"6550 Gomez Passage Suite 278
Annafort, WY 94204",2022-08-03,30
Allison Young,shellywarren@patterson.com,051-870-2457x7717,"5973 Smith Row
Mendozaport, NV 80454",2023-05-05,43
Alyssa Garner,dustin75@brown-rivera.com,637.135.3958x0473,"4779 Laura Fall
West Howard, IA 04228",2023-08-17,54
Alyssa Wells,randy07@hunter.com,001-497-630-7170x993,"562 Tammy Overpass
North Adamhaven, CA 93486",2024-04-25,32
Amanda Bell,tracy87@yahoo.com,6620188803,"77800 Carrie Plaza
Pacebury, WY 56939",2024-01-17,31
Amanda Martinez,tayloralyssa@gmail.com,5876504804,"72671 Bennett Mews
Port Joseph, MN 74018",2021-08-03,66
Amanda Rivera,hawkinsjames@hotmail.com,001-200-952-4361x3660,"14185 Brown Square Suite 582
Brianton, MD 22349",2022-10-22,39
Amanda White,grichards@yahoo.com,+1-795-150-8270,"36253 David Vista Apt. 311
Fritzmouth, OK 65237",2020-10-31,20
Amber Fowler,nkim@garcia-mercado.com,0362625592,"7524 Tiffany Island Apt. 760
Valerieberg, WV 72922",2022-08-21,66
Amber Lam,matthew58@alvarez.net,518-337-9023x780,"Unit 1203 Box 7431
DPO AP 62497",2022-10-21,24
Amber Morgan,evansevan@gmail.com,(866)654-7678x8406,"15354 Jonathan Underpass Suite 144
West Donnaland, IA 97143",2020-10-22,18
Amy Curry,jacobsonangela@hotmail.com,001-808-762-3637x6816,"835 Parker Field Suite 484
Moodyview, NY 41204",2022-09-17,51
Amy Ingram,sandra49@ibarra.com,001-741-958-6970x8979,"709 Anna Islands
Erintown, RI 51595",2022-05-12,57
Amy Moore,jamesmichelle@silva-williams.com,728-197-3596x61392,"2363 Hernandez Mountain Apt. 080
Gonzalezburgh, MN 12979",2023-12-26,26
Andre Davis,jonathan42@moore.com,+1-637-304-0187x229,"53369 Bailey Camp Suite 819
Torresberg, MO 82009",2023-11-27,27
Andrea Fisher,sotomatthew@hotmail.com,001-227-007-4504x706,"34750 Brittany Square Suite 309
Alvarezbury, NJ 68724",2024-01-06,25
Andrea Huffman,timothyroman@yahoo.com,372-298-1625,"98815 Sandra Inlet
Port Leonbury, FL 92537",2023-03-08,34
Andrew Fernandez,jeffrey32@yahoo.com,168-513-3588,"0841 Simmons Springs
Wadeport, OH 17197",2021-01-21,40
Andrew Harris,snowroy@yahoo.com,(688)776-1679,"1646 Ingram Meadow Apt. 731
Cathyshire, MO 76338",2023-09-26,67
Andrew Paul,zwalker@bass.com,001-270-842-2841x606,"PSC 4811, Box 8624
APO AP 84341",2022-04-18,43
Angel Stanley,lisajames@walker.net,001-512-265-0424,"8469 Tucker Divide
Doylemouth, ME 71726",2022-06-19,44
Angela Ayala,reevesdawn@gmail.com,(234)581-2004,"756 Allen Parks Apt. 821
Millermouth, SC 50426",2022-03-16,34
Angela Ballard,lesliethompson@yahoo.com,111.393.4894x7452,"82774 Cummings Neck Suite 784
South Michaelstad, WY 66083",2022-04-01,28
Angela Clayton,comptonkim@yahoo.com,+1-319-834-1953x954,"819 Ryan Drives
Bryanside, MA 05367",2023-09-15,64
Angela Dodson,martha46@gmail.com,+1-814-239-8071x0912,"942 Steven Junction
Royland, MA 21517",2021-06-12,31
Angela Griffith,hawkinstroy@murphy.com,489.503.7113x41877,"584 Sonia Road
Woodfort, TX 95811",2020-06-08,22
Angela Marsh,jacob07@hotmail.com,144-167-9603x4518,"6476 Schmidt Fall Apt. 763
South Sylvia, VA 19565",2022-05-30,70
Angela Marshall,jimenezbrian@hotmail.com,225.358.2060x55530,"86426 Michelle Grove Suite 842
East Angelachester, HI 60203",2020-09-02,38
Angela Miller,evansevelyn@williamson.com,311.672.0855x2081,"451 Kennedy Village
South Jeremyburgh, NV 45293",2021-04-11,28
Ann Brock,xjones@harris.com,896-631-2134x503,"25174 Garcia Crossing
East Julia, AZ 98038",2023-03-19,61
Anna Brown,brucevictoria@gmail.com,001-494-972-5222x1024,"1663 Crawford Ferry Suite 337
New Kennethtown, NJ 92097",2020-12-14,57
Anthony Daniels,egarcia@gmail.com,468.363.5402,"8556 Montgomery Mall
Samanthachester, GA 28989",2023-09-01,33
Anthony Parrish,christopher74@ingram.info,0647604608,"USNV Moore
FPO AP 79993",2023-03-26,49
Anthony Rivera,loriwhite@gmail.com,001-537-934-7503x287,"535 Shelby Motorway
South Christopher, WY 23178",2020-04-28,64
Anthony Wood,erinscott@russell.com,001-129-235-9777x67895,"212 Eric Mountain Apt. 358
Port Calvinstad, NH 83062",2024-12-04,68
Antonio Hickman,millermichael@jones.com,001-380-337-9666x194,"7770 Kimberly Mountains Suite 574
East Jenniferville, AK 53091",2020-02-24,18
Ariel Jones,yatesjudy@gutierrez.net,(501)651-9444x227,"54276 Stanley Run
Kevinborough, VA 97046",2024-10-25,44
Ariel Martin,jennifer34@gmail.com,(929)704-8249x65329,"84729 Melissa Stravenue
New Lisa, PA 91770",2023-12-07,38
Ashley Hoffman,natashaochoa@hotmail.com,+1-830-174-8484,"6764 Anthony Inlet Apt. 053
Barnesburgh, NC 12893",2024-01-03,37
Ashley Ingram,andrewoneill@sims.net,307-085-0118x39907,"PSC 2668, Box 4010
APO AA 43340",2022-10-05,64
Ashley Osborne,ariggs@yahoo.com,877-766-4223,"956 Webster Circle
Port Martin, IN 24866",2023-08-14,53
Audrey Jones,vanessabennett@burns.com,084-537-8688x9898,"25796 Sarah Manor Suite 158
New Stacy, DC 25159",2024-02-06,54
Austin Avila,copelandbrian@hotmail.com,9844811362,"923 Lisa Crescent
Thomasmouth, UT 20390",2021-03-08,32
Barbara Becker,hmonroe@gmail.com,542-026-0793x5195,"6436 Smith Roads Apt. 895
West Michaelview, GA 16429",2022-01-12,45
Barbara Perry,jday@torres-conrad.com,225.587.8770,"631 Ashley Fort Apt. 282
Kellyhaven, WV 15098",2024-06-12,24
Barbara Ryan,sandra71@gmail.com,(940)608-2846x525,"602 Brian Rue
Brettport, MS 35121",2020-04-08,40
Benjamin Escobar,johnsonphilip@hotmail.com,+1-477-565-1317,"5824 Brandon Skyway Apt. 012
Lake Travis, ID 40773",2022-11-05,44
Benjamin Hall,opratt@hotmail.com,+1-975-845-2480x74543,"USS Boyle
FPO AE 99338",2024-05-20,65
Bianca Williamson,angeladuncan@alvarez.org,572-944-6056,"47825 Samuel Estate
West Paul, OK 93953",2023-07-28,53
Bill Cruz,craig37@moore-oneal.com,5315890996,"149 Lyons Hollow Suite 964
Russelltown, MS 89602",2020-01-15,56
Bobby Davis,eclark@dean-vasquez.com,987-553-2024,"USNS Leach
FPO AP 12973",2020-04-18,38
Brandi Wagner,stevenscrystal@ramirez.com,523-331-5030x5316,"9033 Amy Mountain Suite 555
West Kathrynfurt, ID 67346",2021-10-08,52
Brandon Cervantes,greenhector@thomas-king.info,+1-610-204-4673x402,"USCGC Summers
FPO AE 69291",2020-04-15,22
Brandon Hudson,cadams@hotmail.com,4408385048,"72693 Johnson Summit Apt. 071
South Deborah, UT 46942",2021-09-03,21
Brandon Wade,christinabenson@matthews.org,125-236-4066x3796,"5155 Jordan Street
Pearsonton, CA 71725",2022-06-11,52
Brandon Walker,josephhowell@gmail.com,+1-975-503-4234x570,"6658 Michael Forge Apt. 301
South Eugene, MO 81756",2020-07-20,70
Brandy Sanchez,tatenicole@yahoo.com,9339606914,"569 Kevin Circles Apt. 385
Kerrhaven, MD 59621",2023-07-28,43
Brenda Koch,murraydeanna@gmail.com,001-659-865-2442x8658,"93820 Bowman Spurs
Jacquelineburgh, OR 59732",2024-04-03,27
Brenda Sloan,seanfreeman@yahoo.com,3352253489,"31296 Copeland Stravenue Suite 431
Ramirezview, NV 56209",2020-02-03,23
Brenda Smith,tara35@yahoo.com,(024)005-6913,"005 Klein Street
New Anthonyville, NY 08106",2023-03-15,62
Brett Mora,williamsjulie@adams-serrano.org,+1-168-286-0015x2097,"5531 Hill Crossroad
Lake Amy, MS 24391",2024-05-06,56
Brian Gonzalez,udickson@gmail.com,001-226-237-9792,"080 Powell Cove
Dixonshire, IL 32305",2024-04-20,70
Brian Lane,jeffreysingleton@hotmail.com,(882)264-0563x87325,"28126 Carlson Crescent
Maryhaven, NY 22520",2021-02-19,61
Brian Steele,rachelwalker@hotmail.com,421-007-6738x3723,"599 Joseph Lock
North Melissamouth, PA 19650",2023-09-12,26
Brian Thomas,mark96@bradshaw.info,+1-988-201-1958x9559,"6672 Hill Isle Suite 336
Mallorychester, PA 14251",2021-10-20,50
Brianna Willis,jacksoncorey@flores.biz,(504)240-8068,"47067 Burton Light Suite 726
Angelaside, AK 70573",2024-02-26,60
Brittany Krueger,tmiller@gmail.com,611.294.3481,"21469 Stephanie Glen Suite 525
Webstermouth, MA 12878",2024-11-05,48
Brooke Fields,cynthiaryan@wolf.net,907-852-1290x7412,"589 Elizabeth Islands Apt. 171
Brycestad, TX 88611",2024-08-15,49
Bruce Gonzalez,devon67@richard-banks.com,425.017.6672,"14017 Graves Tunnel Apt. 087
Peterborough, KS 77000",2020-02-01,61
Bruce Hall,kenthenry@rodriguez.com,2330668114,"098 Jill Lights
Cordovaside, KY 59593",2021-03-25,37
Bruce Hunt,rebecca43@williams.com,001-468-482-7184,"PSC 5195, Box 0617
APO AE 43152",2024-12-15,63
Bryan Ryan,williambrandt@gmail.com,001-799-858-7838x1950,"84749 Latoya Run Suite 726
Castillotown, WV 44818",2024-05-02,29
Candice Hays,melaniepatterson@yahoo.com,(164)076-6212,"93701 Adkins Islands
Chambersside, OR 17398",2022-08-19,57
Carl Aguilar,kellystone@yahoo.com,(541)849-1082,"62293 John Place
East Kenneth, RI 32445",2023-10-15,60
Carl Flynn,john24@gmail.com,+1-945-029-3426x5135,"802 Cowan Mews
Durhamhaven, PA 25960",2022-07-06,49
Carlos Conner,youngkayla@yahoo.com,(759)946-0476,"8853 Joseph Estates Suite 667
East Coreyberg, DC 42896",2023-01-07,21
Carlos Patterson,samanthawallace@hotmail.com,313.406.8772x85785,"696 Nelson Crossroad
Dyermouth, OK 47232",2020-04-17,51
Carol Hayes,ktaylor@hotmail.com,+1-140-146-6944x860,"2994 Turner Locks
Port Elizabethshire, CT 53182",2024-12-02,35
Caroline Moore,amandagilmore@hotmail.com,588-089-4998x8214,"PSC 7496, Box 8635
APO AE 33611",2021-06-17,40
Casey Farmer,umeyers@rogers-russell.org,+1-199-719-9821,"894 Jessica Knolls Suite 759
Port Heatherton, RI 50639",2024-09-14,34
Charles Dominguez,jduran@armstrong.net,+1-948-098-8445x73688,"72603 Daniel Junction Suite 067
Marthaport, AK 22311",2022-10-25,52
Charles Everett,williamyoung@lopez.com,029.642.7801x895,"352 Bell Motorway
Richardfort, NM 15437",2020-02-21,63
Charles Grimes,amanda03@watkins-cook.com,533-828-5325x668,"416 Oconnor Trafficway
Lanemouth, OR 49361",2020-08-25,39
Charles Moss,marcuslong@davis.com,(303)026-2044x11619,"0956 John Lakes Apt. 408
Lake Andrewfort, MN 53422",2024-03-03,70
Charles Taylor,samantha41@gmail.com,737-630-7559,"8327 Elliott Ways Suite 606
Schultzchester, IL 04266",2024-11-06,36
Charles Wilkinson,fhutchinson@johnson.biz,5120674594,"015 Anthony Mountains
Devinmouth, TX 91197",2023-06-23,69
Chelsea Burgess,harrismary@hotmail.com,001-768-890-7510x6831,"2999 Richard Flats
Joshuamouth, NC 96824",2024-06-11,61
Chelsea King,autumn48@yahoo.com,001-162-631-9185x33136,"260 Nicholas Harbor
Wagnertown, SC 97474",2023-10-09,54
Cheryl Martinez,jpena@yahoo.com,524-001-4581x2376,"8745 Jennifer Crescent Apt. 562
North Kim, AZ 96380",2022-03-13,27
Christian Holmes,theresarichards@hotmail.com,001-305-278-1715x82378,"43111 Farmer Walks
Jasonton, MO 79934",2020-02-15,42
Christian Jones,ryan33@gmail.com,486-433-5607x790,"6370 Ana Ports
New Davidport, ME 52857",2021-01-29,45
Christina Williams,rlewis@tyler-shah.biz,001-084-164-7888,"8455 Patel Village
South Davidtown, MS 67074",2021-02-02,70
Christine Wheeler,daltonferguson@yahoo.com,795-386-1001x3015,"Unit 6493 Box 4766
DPO AP 96910",2024-05-04,21
Christopher Ballard,jacob64@rose.com,134.305.6129x4768,"88414 Melinda Junctions
Adamton, NV 67224",2024-01-29,55
Christopher Martinez,qwiley@anderson.net,+1-930-844-6238x880,"36500 Derrick Walks
Douglastown, OH 51250",2021-09-08,60
Christopher Michael,caroline23@hamilton.info,+1-371-555-6598x404,"USNS Cox
FPO AA 15367",2021-08-18,35
Christopher Porter,michaeltravis@thomas.org,453-065-0549,"179 Meyer Squares
Hernandezmouth, AR 71358",2021-01-29,61
Christopher Spencer,caitlinnavarro@harris.org,+1-147-818-4924,"2813 Nicholson Freeway Suite 197
South Kayla, DE 31452",2024-11-08,69
Christopher Thomas,scottrobert@gmail.com,519-091-5252x028,"37629 Terry Club
North Aaronport, NV 81388",2024-07-22,42
Christopher Thomas,ericadixon@henry.com,985-706-2691x870,"45115 Logan Expressway
Gavinbury, AZ 28737",2021-11-12,55
Christopher Young,danielle55@alvarez.com,352-154-3394,"3780 Zhang Landing Suite 821
Jamesshire, TN 47153",2022-07-08,32
Cindy Johnson,christinehull@yahoo.com,180.695.8922x179,"354 Blake Parkways Apt. 049
New Sandrachester, NM 23413",2021-01-12,55
Cody Hall,paulcarr@gmail.com,445-826-2089,"3813 David Light
Travisshire, AL 37030",2022-01-08,65
Cody Johnson,hallfrancisco@stanley-richards.com,048.237.2827,"33552 Evan Avenue
Murphyport, PA 74894",2020-09-26,55
Cody Jones,linda62@delgado-garcia.net,301-099-5500x7836,"835 Bishop Port
Ortizfort, NV 08691",2024-10-03,27
Connie Hurley,dbaird@hotmail.com,001-283-845-1104x7311,"0014 Jason Flat
South Anthonyshire, TX 56402",2020-05-02,66
Connie King,williamabbott@patel.com,(182)974-9548x34416,"33065 Martin Stream
Ballshire, SC 03502",2021-11-27,53
Corey Carney,wanda17@montgomery.net,+1-119-855-7715x43567,"762 Jeremy Fall
Jeffreyborough, MT 01208",2024-09-17,52
Courtney Oliver,smccall@gmail.com,(716)720-6233x010,"PSC 9228, Box 3173
APO AP 48204",2024-08-04,24
Courtney Sheppard,moorejeffery@armstrong.com,7260544141,"3793 Bill Canyon
Dannymouth, AR 40923",2023-06-11,33
Cristian Roberts,wallerjustin@carrillo-harrison.com,(145)502-0715x06964,"PSC 1664, Box 5424
APO AE 33858",2020-06-15,27
Dana Edwards,karen26@yahoo.com,132.751.2467x1461,"8846 Garcia Underpass
Lake Stephanie, SC 20711",2022-01-10,20
Dana Mccann,gnelson@gmail.com,0202764131,"8149 Carpenter Camp
Bennettport, WV 33378",2020-07-26,56
Daniel Figueroa,mayerjennifer@yahoo.com,(358)243-0172,"01372 Michael Coves Apt. 851
Lake Thomas, OR 59475",2023-05-21,26
Daniel Hancock,sparker@brown.org,001-033-326-3725x05820,"09467 Christine Forge Suite 523
Port Rachel, OK 12644",2024-01-30,48
Daniel Morris,nwhite@yahoo.com,823.515.4138,"16928 Stacie Fields
Mirandafort, MN 80705",2020-01-17,33
Daniel Perez,taylorkevin@gmail.com,025-797-7524x94353,"88940 Smith Isle
Lake Alfred, IL 45708",2024-10-14,62
Daniel Wagner,bruce72@bennett-soto.biz,001-369-442-4587,"136 Ashley Walk Apt. 640
Jonesfurt, AZ 90473",2021-06-07,20
Danielle Lewis,bowmancharles@hotmail.com,001-199-549-0894x072,"4278 Pamela Trace Suite 248
Morrisonhaven, WY 12584",2023-06-02,34
Danielle Taylor,reyesbrooke@mills.com,001-903-560-0591x73421,"67436 Judy Heights
Charlottetown, ND 55145",2021-10-11,42
Darryl Moss,nhayes@yahoo.com,880.989.7612,"6443 Tyler Summit Suite 618
Port Shelly, DC 88998",2021-06-26,56
David Adams,tammyhoover@pace.biz,001-921-876-8597x0349,"301 Frederick Villages Apt. 448
Jeffreyland, UT 12042",2023-01-09,20
David Bates,kendra56@yahoo.com,(034)070-8895x32332,"60880 Virginia Fall Suite 286
Williamland, WV 61397",2022-12-20,24
David Chapman,michelle43@lopez-sanchez.org,(139)388-2885x4564,"2019 Tammy Plains Suite 509
South Cheryl, MS 86916",2020-10-20,32
David Gonzalez,ywarren@perez.org,471.453.8437,"28217 Jordan Causeway Apt. 133
North Kelseyland, MD 26556",2023-11-16,60
David Thompson,phelpsdaniel@yahoo.com,+1-149-999-9599,"842 Macias Corner
Gregorybury, SC 95923",2021-12-02,59
David Wang,katie03@hotmail.com,+1-745-830-3158x404,"0107 Crystal Vista
Baileyton, CO 84047",2022-10-01,18
Dawn Carson,sgreen@franklin-lynn.biz,054-816-4724x6725,"52242 Green Lock
West Robert, VA 90405",2021-01-17,28
Dawn Strickland,francopeter@gmail.com,676.023.5412x893,"851 Jacqueline Glen Suite 050
Lake Nicoleborough, WA 47581",2020-11-29,23
Dean Bonilla,russell02@kramer.org,+1-879-968-6313,"393 Thomas Green
West Ralphland, ME 01589",2020-04-21,64
Dean Mcclain,qbrown@skinner-hale.info,+1-766-634-5008,"11249 Dixon Circles Suite 030
Troyhaven, MI 91565",2024-09-10,44
Deanna Roberson,joel68@booker-clark.org,4003591303,"7568 Blevins Crossing
Wallacetown, MN 93260",2022-03-22,64
Debbie Thomas,johnburton@gmail.com,+1-470-774-5868x97921,"Unit 5196 Box 2892
DPO AP 54923",2021-08-01,31
Deborah Nichols,victoria83@bowers.com,+1-501-393-9832,"4948 Wesley Lane Suite 111
Port David, WI 08100",2021-09-03,50
Debra Peterson,kristen87@hotmail.com,214.773.9252x7074,"PSC 0231, Box 2676
APO AA 50181",2020-06-26,43
Derek Kennedy,kaiserheather@sanchez.info,497.289.3876x18249,"Unit 2997 Box 9465
DPO AA 16053",2020-11-02,38
Derek Murphy,brian74@williams-kirby.com,468.705.0817,"193 Velazquez Glens
East Gregory, GA 99522",2022-01-12,56
Desiree Robinson,edwardjohnson@baxter.com,480-950-8372,"743 Gibson Junctions Apt. 895
Valeriechester, AZ 12666",2023-05-21,47
Devin Wong,danielsadam@salazar.com,650.834.5735,"86584 Gilbert Divide Suite 603
Lake Crystal, SC 70892",2020-08-12,60
Diana Cain,sandra91@garcia.com,(058)185-7333,"43793 Elizabeth Alley Suite 518
East Jasonburgh, RI 34512",2023-03-11,54
Diana Fuentes,juliecole@gmail.com,+1-569-993-9020x4090,"350 Barbara Shores
Grayland, VA 30003",2020-08-12,29
Diana Heath,kelly56@hotmail.com,714.325.8297,"9113 Hansen Parkway
Stanleyborough, NH 57959",2024-07-21,19
Dominic Mclaughlin Jr.,hansenmichael@warner.com,+1-166-724-5211x024,"31988 Roger Union
North Anthony, AL 93996",2022-06-27,32
Donald Carlson,usmith@thompson.com,358-497-8603x230,"807 Susan Spur
Susanberg, WI 24308",2021-05-21,34
Donald Garner,wroach@hotmail.com,595-192-8730,"295 Scott Spur Suite 394
Port Ashley, CO 96173",2020-07-13,19
Donald Griffin,ymiller@johnson-swanson.org,(956)476-7363x0378,"PSC 0816, Box 5349
APO AE 39489",2020-11-28,53
Donald Perkins,randy86@white.info,699.418.5161x36113,"Unit 0869 Box 0721
DPO AP 41010",2024-10-05,24
Donald Pierce,vjohnson@smith.biz,6348891021,"3504 Henderson Plains
Port Rachelberg, AR 15918",2023-05-31,32
Donna Barnett,tylersmith@hotmail.com,001-507-627-1435,"1539 Robbins Alley Apt. 928
Port Adam, NE 26780",2022-12-24,30
Donna Nguyen,mcknightdenise@yahoo.com,+1-056-193-7298,"5451 Sarah Meadow Apt. 172
Erinland, CT 95475",2021-09-26,48
Douglas Adams,jessicaparker@chapman-ray.com,010.544.0496,"432 Jesse Mountains
Joelmouth, DC 94213",2021-08-06,33
Douglas Cox,dawn34@mendoza.com,001-313-377-3137x22944,"PSC 6971, Box 2588
APO AE 83154",2020-01-27,51
Douglas Osborn,donald85@yahoo.com,001-893-087-9918,"3096 Gross Greens
Marcustown, MS 93218",2024-08-19,24
Dr. Diane Hall DVM,whitneycarol@gmail.com,148-815-4265,"0980 Burton Terrace
Edwardmouth, LA 88455",2020-04-05,36
Dr. Kendra Smith DVM,dalecollier@gibson.com,(160)447-3265x649,"115 Mendoza Glens
New Jeanette, CA 40656",2022-01-20,63
Dr. Marcus Chavez,stonerichard@hotmail.com,5915926590,"686 Welch Glens Suite 375
Jenniferberg, IL 70749",2024-05-11,70
Dr. Randy Cantrell,larrymiller@hotmail.com,(857)845-6829,"60435 Moore Hill
Port Georgeberg, RI 64082",2024-09-19,62
Edward Hall,michaelthompson@chase.net,(248)471-1167x917,"26646 Lauren Road
Brooksmouth, MA 25824",2022-05-13,54
Edwin Johnson,kathysmith@yahoo.com,+1-837-189-6118x51719,"00247 Brewer Mews Apt. 070
Juliaport, MO 92914",2023-01-22,63
Elaine Key,shawnmoody@martinez.com,501.715.5348,"2259 John Rapid Apt. 030
Lake Deanna, TN 62845",2021-01-15,46
Elizabeth Gray,amylucas@yahoo.com,613.169.1879x617,"04035 William Islands
East Tammy, TX 36641",2023-11-03,69
Elizabeth Johnson,ttrujillo@patel-bond.info,150-878-5134,"78609 Escobar Junctions Apt. 194
North Tim, PA 26543",2020-03-21,25
Elizabeth Newton,sprice@yahoo.com,001-380-345-9045x326,"26920 Scott Locks Apt. 483
South Stevenberg, RI 09947",2021-05-22,18
Elizabeth Nichols,powen@gmail.com,+1-835-098-2483x957,"Unit 7369 Box 5247
DPO AA 51372",2023-10-01,54
Elizabeth Perez,joshuaweber@hayes.com,192.729.1812,"93226 Long Station
Davisville, TN 21906",2024-06-06,64
Elizabeth Roberts,susan08@luna.org,287.125.4139x645,"3424 Walter Creek Apt. 541
Nataliemouth, VT 02801",2021-01-27,67
Elizabeth Wilson,morganfernandez@hotmail.com,521.123.2060x34593,"67395 Andrew Cove
Smithside, WV 50550",2024-03-29,18
Emily Heath,brooksstephen@campbell.biz,+1-335-372-2502x766,"Unit 8053 Box 3807
DPO AP 98662",2022-08-26,26
Eric Kane,rosarioangela@yahoo.com,+1-188-008-3904,"39792 Patricia Crossroad
Gardnerton, SD 48918",2024-08-16,35
Erin Baker,staffordsteven@gmail.com,(789)850-8580,"5948 Joel Street
New Kathleenborough, GA 95792",2021-12-27,57
Erin Booth,hawkinstravis@hotmail.com,+1-809-163-3015x7983,"PSC 4118, Box 7664
APO AE 96251",2020-10-16,68
Erin Wilkinson,suzanne00@kim.biz,+1-959-867-6766x6083,"70865 Rodriguez Court
Stewarttown, MA 37178",2021-11-12,50
Ethan Hurley,wdavis@hotmail.com,001-433-841-5716,"734 Adams Glens
Lake Lindseyport, GA 97265",2022-10-24,24
Evan Clements,sherryolson@boyd-williams.com,300.567.4220,"431 Laura Knoll Apt. 035
Christopherbury, NJ 17985",2021-01-03,43
Felicia Wade,vleach@dudley.com,544-692-9265x144,"Unit 6244 Box 5525
DPO AP 90998",2020-01-20,36
Felicia Wheeler,daniel02@yahoo.com,(202)987-2565,"86096 Dorsey Center
North Lori, PA 54472",2024-01-31,40
Francisco Wright,craigjohn@hotmail.com,+1-829-019-6361x27660,"9463 Jillian Hill Suite 463
Port Joelhaven, MA 50437",2021-06-06,30
Frank Lane,kking@woods.info,150.345.2158x0714,"014 Brad Plaza
Annstad, AZ 85308",2023-04-18,48
Gabriella Willis,wilsonbrendan@gmail.com,710-239-1083x49923,"11277 Edwards Drive
New Cynthiabury, MD 98181",2022-07-10,39
Gary Jones,jerryhuber@gmail.com,(887)943-6718x5021,"36082 John Turnpike Apt. 189
West Christinahaven, MO 26251",2022-01-03,24
George Wright,william38@gmail.com,552.169.3031x788,"73170 Maria Gateway
Janetburgh, IN 39911",2023-03-02,41
Glenn Cardenas,madkins@gmail.com,318.420.4908x3192,"0241 Cruz Spring Apt. 190
Charlesside, WA 36884",2024-01-23,39
Gwendolyn Vaughn,barbara13@bowman.net,696.784.9002x332,"319 Hoffman Parkways
North Williamhaven, MT 97945",2024-08-29,51
Hannah Perez,cookjessica@maynard.biz,(342)024-2143,"69379 Jarvis Circle
Stanleyville, IN 81087",2020-10-19,21
Hannah Tucker,palmerkevin@gmail.com,118-985-3211,"22589 Davis Knolls
New Deborah, NC 91781",2020-12-23,40
Hannah Ward,wallacekaren@hotmail.com,336-548-7911,"923 Justin Locks
West Alexandra, HI 26365",2022-01-31,22
Heather Barker,cooperchristina@gmail.com,+1-968-365-4369x193,"9503 Zhang Drives
West James, MI 06326",2022-08-14,48
Heather Greer,zcarney@hotmail.com,3782929200,"4988 Jones Haven Apt. 863
Port Wendyton, MN 53407",2022-06-28,47
Heather Lee,wilsonrebecca@pollard-cooper.com,526.159.8254,"62563 Castillo Forks Suite 188
South Sally, OR 48476",2023-12-02,34
Heather Martin,joshuaclark@gmail.com,618-979-2840x01229,"48443 Ricky Mountain Apt. 022
Richardsonborough, HI 84660",2023-09-21,34
Heather Moore,dgarcia@rodriguez-garcia.com,888-576-3806,"73446 Brian Ford Suite 373
South Eric, WY 64681",2022-09-22,24
Holly Miller,phillipsullivan@santana-thompson.info,001-160-628-6460x46887,"394 Rachel Junction
East Thomasberg, HI 45989",2022-08-05,35
Jacqueline Brooks MD,ericadelgado@hotmail.com,4147945002,"40202 Amy Ranch Apt. 374
Smithstad, HI 68584",2020-08-27,69
Jacqueline Lopez,vwells@hotmail.com,001-527-044-3197x59925,"01845 John Crossing
Lake Danielleberg, PA 55625",2021-09-03,38
Jacqueline Taylor,jacobhouse@gmail.com,(963)839-5291,"7793 John Extensions Apt. 366
Susanstad, VT 61950",2024-11-26,63
James Black,joycechristopher@miles.net,(800)451-0445x032,"7695 Gutierrez Knolls Suite 905
North Briannamouth, IL 47364",2021-02-05,53
James Carter,awilson@gmail.com,510-169-3254x472,"6426 Graves Plains
South Shawn, NY 39868",2021-03-14,32
James Davis,kaylaweeks@yahoo.com,001-717-715-9126x1294,"163 Monica Spring
Jessicastad, DE 42239",2020-06-14,38
James Hill,andresgardner@gmail.com,+1-488-781-4737x751,"PSC 0226, Box 7100
APO AE 08655",2023-03-09,44
Jane Fowler,millerdonald@yahoo.com,812-976-4978,"6226 Contreras Throughway
New Chelsey, FL 45630",2022-10-25,41
Janice Moore,mwalker@ramirez.com,+1-542-137-1357,"1972 Robertson Square Apt. 509
West Sandy, IA 42617",2023-02-08,48
Jared Conley,michaelsmith@smith.net,(498)610-2291x36480,"164 Miller Ville
Hallshire, NM 98817",2021-09-16,49
Jason Campbell,kbutler@gmail.com,943-481-7442,"Unit 0458 Box 5249
DPO AP 74589",2022-08-07,20
Jason Davis,josephhughes@richardson.com,(861)340-4972x714,"159 Carol Via Apt. 899
Marychester, DC 47982",2021-06-25,44
Jeffrey Aguilar,joneskristie@hotmail.com,976.774.3562x980,"51713 Anderson Springs
Ashleyborough, IL 28312",2020-12-01,24
Jeffrey Barnett,clarencephillips@hotmail.com,+1-974-384-0261x435,"153 Amber Viaduct
West Kathryntown, TX 48817",2022-04-06,59
Jeffrey Harmon,rose21@velazquez.biz,596-818-0914x10598,"Unit 7014 Box 1443
DPO AP 14121",2020-12-23,48
Jeffrey Moore,jmccoy@taylor.com,219.048.1414x09100,"679 Collier Freeway Suite 937
South Andrewberg, CA 46786",2022-08-12,29
Jenna Smith,daviddavis@rodgers.com,819.100.9699x5262,"8806 Juan Manor Suite 763
West Jeffreystad, MO 13441",2021-03-03,28
Jenna Snyder,coxjohn@barnes.com,(443)521-0154,"5215 Michelle Skyway
West Eileenmouth, WV 19846",2022-04-14,64
Jennifer Brewer,reginald24@garcia.com,489.722.8974x868,"035 Kara Squares Suite 437
South Arthurton, NY 79376",2021-04-10,70
Jennifer Hines,james80@gmail.com,0579267414,"7749 Owens Shoal Apt. 142
Smithfurt, NY 31546",2023-10-09,39
Jennifer Patrick,kennethhawkins@lee.com,+1-824-236-8421x4634,"767 Bowman Road
Kennethfurt, AK 01927",2023-04-10,53
Jennifer Pearson,pdavidson@adams.com,2545354046,"659 Lee Parkways Apt. 725
Joanbury, UT 50526",2024-06-19,40
Jeremy Calhoun,frobinson@fitzpatrick.info,(653)979-1982x257,"5275 Cuevas Drive
South Kelly, OH 84411",2020-09-23,22
Jessica Gibson,ofuller@yahoo.com,+1-606-433-1786x25750,"PSC 8280, Box 5903
APO AA 18610",2023-01-21,58
Jessica Harrison,freyrebecca@yahoo.com,274.492.4415x9348,"797 Jessica Dale Suite 963
Kylemouth, WI 33441",2024-06-10,20
Jessica Harvey,ajimenez@yahoo.com,1581665593,"7315 Denise Skyway
West Barbaraville, OR 43538",2024-02-24,67
Jessica Webb,howard69@baker.com,027.274.7625x4270,"51554 Miller Knolls
Marshallville, WA 90558",2022-03-17,47
Joan Lee,calebburgess@barnett.info,781.974.2324,"99103 Blake Mills Suite 594
Terrymouth, DC 63644",2024-06-06,58
Joanna Lee,lindsay43@garcia.com,+1-472-157-8936,"0596 Martinez Mills
Alexanderport, IA 33189",2021-07-14,65
Joanne Warren DVM,lisawilliams@yahoo.com,572.353.4430x839,"1953 Maria Branch
West Rachel, NH 89530",2022-05-12,60
Joe Horn,jasondavis@trujillo.org,699-633-3690,"8010 Murphy Glen
North Tristan, RI 43980",2023-10-15,34
John Campbell,alison88@gmail.com,001-423-761-1672,"PSC 7152, Box 5207
APO AA 64423",2024-05-08,21
John Ford,johnsontracy@gmail.com,996-609-0951x2669,"4258 Timothy Prairie
New Robertview, CT 43454",2022-05-28,37
John Frederick,tami21@shannon.org,6978560938,"6032 Gonzales Valleys
Port Davidtown, IL 62472",2021-09-12,67
John Hoffman,karen51@stafford.com,(648)389-1536,"972 Thomas Branch
North Frank, MD 90675",2021-10-07,30
John Miller,dyerjonathan@hotmail.com,(870)319-1001x12788,"61206 Jones Pike Apt. 955
New Lauraside, ME 87308",2020-01-06,33
John Potter,hughesbenjamin@gmail.com,+1-135-111-6503x09903,"83357 Shannon Tunnel
Howellberg, LA 16290",2021-12-18,25
John Robinson,aliciasanders@hotmail.com,027.829.2626x284,"Unit 6816 Box 1872
DPO AE 30268",2020-08-29,60
Johnny Garcia,jessica35@alvarez.com,(306)604-9446,"7560 Rodriguez Stream
Masonburgh, AR 28230",2022-03-09,46
Jonathan Bauer,jill05@mcclain.net,377.991.1216,"PSC 4785, Box 2288
APO AP 93540",2024-03-15,27
Jonathan Mathews,jessicajohnson@yahoo.com,914-416-4872,"8878 Bautista Crescent
North Annberg, NJ 82386",2021-06-30,22
Jordan Hawkins,matthewscott@barnes.com,809-059-2168x3253,"160 Bill Road
North John, MI 20289",2020-04-30,32
Jordan Matthews,liumisty@yahoo.com,950-013-1680,"Unit 2667 Box 9432
DPO AA 88144",2024-08-12,43
Jorge Castillo,hansonkayla@goodman.net,(976)341-4309,"609 Jennifer Stravenue Suite 369
Whiteborough, DE 13377",2023-03-13,20
Jose Allen,sstanton@hotmail.com,001-725-849-7510x945,"71992 Gregory Vista Suite 649
East Ryanbury, MD 65907",2020-01-13,44
Joseph Bishop,sarah44@donaldson-reid.com,(148)062-5321x641,"59808 Campbell Ranch Apt. 868
Leonardchester, IL 43198",2024-03-06,29
Joseph Cox,dianabush@curtis-guerrero.org,+1-441-479-6139x053,"72417 Blevins Junction Apt. 591
Jacktown, SD 38710",2023-04-30,18
Joseph Foster,cookmax@ayers-coleman.com,(227)809-3811x336,"8210 Brian Coves
Cartermouth, CO 13693",2020-09-19,48
Joseph Henderson,rmiranda@yahoo.com,+1-340-640-4532x630,"78065 Eric Squares Apt. 550
New Jonathanland, IN 83504",2022-05-05,66
Joseph Perez,pcarr@hotmail.com,(008)587-5793x320,"87937 Scott Causeway
North Stevenfurt, IN 41790",2021-12-19,57
Joseph Rosales,chadbooth@bennett.info,(077)687-1056x4138,"28833 Sandra Run Apt. 861
Port Nancy, ND 73157",2022-12-03,34
Joseph Wade,matthewtaylor@hotmail.com,+1-125-576-4161x78669,"46680 Jefferson Brook Apt. 783
Barbarahaven, KY 69647",2022-09-18,32
Joshua Maldonado,maxwelllauren@gmail.com,001-642-706-2665x33189,"562 Miller Tunnel Suite 519
North Matthew, DE 94179",2022-11-10,24
Joshua Owens,lewisdavid@gmail.com,+1-439-203-8374x744,"9194 Schwartz Village
Laurahaven, MI 56119",2021-01-17,59
Joshua White,frazierashley@yahoo.com,966.054.0982x547,"7155 Wayne Springs Suite 832
Littleshire, NH 80781",2024-11-02,54
Joshua Wright,riggswilliam@rivera.net,(208)318-2925x6230,"00052 Hector Cove
New Andres, FL 18135",2022-03-09,54
Joyce Harmon,javier02@johnson.com,986-233-9707x45479,"Unit 2130 Box 2231
DPO AE 62318",2021-11-15,27
Juan Perry PhD,smithkaren@gmail.com,769.162.2064x0040,"1031 Samantha View Suite 681
North Juliebury, WY 95252",2020-09-16,65
Judith Wood,adamstyler@graham.info,763.166.5285x55605,"13509 Berry Roads
North Territown, CT 89549",2021-09-22,18
Julie Day,amanda28@patrick.com,114.400.6060x83851,"USNV Peters
FPO AP 02860",2020-05-05,57
Julie Snyder,peterssean@jordan.com,758.399.1252x7285,"62127 Angela Villages Apt. 346
Stevenside, SC 48550",2023-03-11,40
Justin Davis,brianpowell@woodard-moran.info,8636920640,"422 Ramirez Fork
Mauriceborough, CA 86641",2020-06-12,36
Kaitlin Howard MD,bridgesrachel@wilkinson.com,(692)524-2398x032,"USCGC Hensley
FPO AP 39125",2023-01-22,20
Karen Adams,charles38@hicks-anderson.com,+1-567-045-8904,"6592 Hill Glen Suite 010
Bartletttown, NV 72436",2020-01-24,21
Karen Jimenez,halvarez@hotmail.com,194.583.7684x5136,"9696 Rogers Unions Apt. 614
Murillotown, WI 00701",2023-12-08,50
Karen Jones,uhudson@hotmail.com,021-179-1668,"42044 Orozco Estate Apt. 306
Hendersonhaven, NE 75608",2023-05-21,33
Katherine Brown,racheljoyce@schaefer-adams.org,(453)321-4319x525,"7573 Sanders Locks
West Christopherfurt, MA 09253",2022-12-05,32
Katherine Schneider,oscarschneider@gmail.com,230-251-6133x6222,"98347 Hudson Mall
Jeremystad, ID 90494",2023-05-28,23
Kathleen Bailey,armstrongcheryl@wong.com,(989)620-3458x68658,"34395 Jennifer Trail Suite 093
Gonzalezchester, MN 73461",2021-06-18,39
Kathleen Callahan,lindsay29@gmail.com,+1-282-929-9298x353,"USCGC Davis
FPO AA 10417",2022-11-12,25
Kathleen Malone,burkesteven@gmail.com,003.215.6476,"48306 Hamilton Mountains
Bradleyborough, KS 57467",2023-01-22,34
Kathy Vargas,katherine19@gmail.com,001-651-358-0944x19094,"3883 Joshua Glen Apt. 667
Fosterchester, GA 92780",2021-05-09,53
Kayla Archer,masonwilliam@gmail.com,001-732-877-8232x8231,"75996 Dorsey Brook Suite 240
Charlesstad, MS 50297",2020-06-01,18
Keith Martinez,brandon22@smith.com,+1-123-840-9035,"476 William Brook
Ashleyfort, LA 64152",2022-11-20,31
Kelly Davies,lisa66@brandt.biz,377-546-1564x61494,"9123 Clark Passage Apt. 767
Morrisonland, SD 57105",2024-04-16,38
Kelly Humphrey,wward@hotmail.com,193-568-5403x041,"98320 Timothy Crossing
East Pamela, OR 60155",2021-10-15,66
Kelly Vasquez,gwall@lewis.org,132-790-8678x0988,"9807 James Mission Suite 702
Johnstonhaven, DC 62886",2021-01-04,20
Kelsey Park,warren81@hotmail.com,+1-968-808-7574,"65447 Patrick Ports Apt. 346
Salazarburgh, IA 53201",2021-12-26,47
Kenneth Combs,robbinsjessica@yahoo.com,586-249-0048x7609,"PSC 3675, Box 0832
APO AP 95212",2022-11-12,22
Kenneth Jenkins,juliestewart@brown.biz,+1-638-452-3951,"95584 Clark Light
East Sheilachester, HI 93727",2021-02-08,48
Kenneth Lawrence,enguyen@yahoo.com,144.473.1868,"699 Gardner Valleys Apt. 223
Michellefort, AR 91078",2020-04-18,22
Kenneth Singleton,paulafisher@higgins.biz,001-750-326-3870,"0685 Walker Spur
New Randallville, KY 29105",2020-05-05,21
Kenneth Williamson,russell75@carroll-bell.net,7977417931,"25305 David Course
Paulshire, FL 45859",2024-04-06,51
Kevin Paul,mark09@webb-diaz.biz,419.750.1447x7965,"215 Smith Centers
South Wendyshire, MI 34361",2024-01-16,18
Kevin Vega,robert27@west.com,(617)909-6737x73912,"Unit 2133 Box 1345
DPO AP 94100",2023-07-16,53
Kevin Wong,brandon57@gmail.com,(816)719-8437,"029 Reynolds Union
North David, NE 08158",2020-04-08,32
Kim Dixon,caitlynstevens@yahoo.com,652-671-8507x47240,"7373 Jacqueline Wells
Jessicastad, DC 39929",2023-02-06,38
Kimberly Brooks,xhunter@smith.info,520.628.3285x592,"Unit 7444 Box 6942
DPO AE 10215",2023-06-29,45
Kimberly Harris,zmay@mcpherson-kim.com,(820)240-4432x74945,"USNV Bradford
FPO AP 95676",2023-08-09,37
Kimberly Jackson,bradphillips@yahoo.com,(485)024-4260,"29327 Arnold Place Apt. 978
Johnview, DC 34532",2024-10-14,29
Kimberly Lozano,allenjessica@norman-baker.org,+1-461-953-5438x926,"8213 William Vista Suite 485
Grantview, AZ 63771",2020-04-23,49
Kimberly Mcgee,vazquezmariah@yahoo.com,404.540.2668x0506,"50309 Kelsey Port
West Branditon, MA 11337",2020-09-08,48
Kimberly Robinson,elliottdavid@gmail.com,2250292401,"316 Little Plaza Apt. 035
Kellyton, KS 26157",2022-08-28,43
Kirk Barnes,noah52@griffin-anderson.com,(579)658-7631x2727,"925 Snow Brook Apt. 403
East Kim, CA 64285",2022-10-20,32
Krista Ward,allison67@gonzalez-miller.biz,+1-809-094-2016x44218,"7704 Alexis Ferry Apt. 945
Williamsport, PA 78196",2021-02-09,68
Kyle Cohen,nicolerobinson@gregory.com,(951)563-0523x03204,"5927 Christine Prairie Suite 675
Tonyamouth, IA 82996",2024-10-06,30
Larry Richard,qkline@hotmail.com,113-299-8579x3244,"25514 Powell Villages
Hunttown, MA 55549",2023-10-01,68
Laura Aguirre,samanthacunningham@tran-marsh.com,512-751-6548x57840,"6478 Reyes Wall Suite 450
Port Angelaland, ID 09458",2021-03-02,47
Laura Bruce,glendaelliott@valdez.com,1539254962,"230 Hunt Radial Apt. 487
Tammychester, MT 53533",2020-05-08,67
Laura Kelly,amandarowe@ayala.com,+1-437-192-5767x9059,"USS Rogers
FPO AP 63777",2020-10-02,47
Laura White,aaronhampton@gmail.com,359.332.6866,"981 Ryan Squares Apt. 618
Beanhaven, NY 26703",2022-02-20,59
Lauren Baxter,martinezjustin@hotmail.com,+1-488-113-1576,"5953 Luna Rapids Suite 229
New Erinmouth, DE 22831",2020-02-17,35
Lauren Pace,vanessachang@hotmail.com,(453)265-0196,"819 Natalie Canyon
Port Jenniferview, DC 12797",2020-10-12,63
Leah Shaw,calderonnathaniel@yahoo.com,(537)890-6591x144,"3499 Carlson Prairie Suite 244
Brentburgh, NE 48336",2021-06-16,64
Leonard Parker,jasonrichard@brooks.net,721.253.9643,"531 Lopez Parkway
New Rhondaville, MA 34729",2020-10-07,21
Leslie Scott,phyllis84@underwood.com,465-417-8766x0321,"61274 Karl Curve
New Darius, MS 32951",2020-04-02,49
Linda Stevens,huertaandrea@gmail.com,226.098.0152,"8921 Gates Unions
Woodland, IL 02937",2021-11-02,20
Lindsay Pena,stephaniescott@yahoo.com,001-894-519-9548,"5543 Gross Squares
Ayerston, MO 82378",2023-02-17,67
Lindsey Boyle,holly33@hotmail.com,0160009497,"04768 Parker Freeway Suite 923
Beckborough, MA 60937",2020-10-20,21
Lisa Curry,schapman@dennis-powers.com,313.934.6610x62063,"Unit 0911 Box 9815
DPO AP 01295",2020-10-20,31
Lisa Hurst,garzamaria@hotmail.com,992-475-1462x4758,"774 Julia Extension
Brightfurt, MS 62066",2020-02-03,46
Lori Edwards,robinharper@yahoo.com,733.556.2155,"Unit 1185 Box 0102
DPO AA 66292",2023-12-22,21
Lori Miller,coreymayer@nichols-spence.com,(226)669-2809x5533,"8470 Gina Extension
Tommyview, TN 17448",2023-10-30,39
Lynn Thompson,morganheidi@yahoo.com,+1-932-715-0469x44057,"06373 Wesley Meadow Suite 281
Lisastad, CT 66701",2022-04-03,68
Mackenzie Davis,adamslarry@hotmail.com,841-676-5545x570,"51603 Lauren Terrace Apt. 524
Jacksonville, NE 94760",2023-01-27,18
Madeline Johnson,gabrielreynolds@yahoo.com,+1-163-254-6522,"0217 Davis Drives Apt. 959
West Robertview, MA 32931",2023-11-15,46
Margaret Greene,samanthadudley@gmail.com,(423)928-4569x42247,"Unit 1559 Box 3429
DPO AE 79357",2024-10-11,39
Maria Deleon,rothmichele@hotmail.com,(068)557-2896,"888 Baker Parkways
Brianstad, IN 47867",2021-06-21,26
Mariah Garcia,robertsanders@yahoo.com,989.819.7682,"0623 Williams Throughway Suite 380
Hansonhaven, AK 90966",2022-10-24,44
Mario Clark,dlarson@hotmail.com,102.408.3128,"77488 Stevens Mountains
Port Elizabethborough, WY 56217",2020-01-10,61
Mario Riley,eric41@yahoo.com,819.457.4464x136,"7091 Jennifer Squares
Jacksontown, UT 47681",2022-03-31,28
Mark Brown,elizabethclark@gmail.com,001-366-426-7861x7763,"Unit 8946 Box 8197
DPO AA 33722",2023-06-29,45
Mark Gordon,mark91@gmail.com,877.410.6937x915,"62667 Taylor Streets
Wangstad, SC 23847",2024-10-14,67
Mark Johnson,codybrown@yahoo.com,004.265.7267x6235,"8141 Daniel Square Apt. 823
South Dakota, HI 47087",2024-09-05,50
Martha Smith,ysanford@mayo.org,+1-112-554-6580x97418,"776 Kathy Wells Apt. 727
Robertchester, OH 11509",2024-01-17,23
Martin Cobb,lancerivera@patterson.com,+1-303-327-3084x3669,"6430 David Mount Suite 016
Ruthland, NJ 09894",2023-02-15,33
Martin Holmes,flowersdeborah@mcclain.com,+1-871-466-4745x6486,"654 Morales Haven
Emilyville, TX 81452",2020-07-03,27
Martin Johnson,davisshelley@yahoo.com,238.912.9756,"159 Fernandez Point
West Sonya, VA 34903",2024-02-11,27
Mary Herrera,kevin52@hardy.com,1719821579,"89270 Guzman Circle
Mirandaport, OR 65357",2024-09-12,69
Mary Rodriguez,churchsheila@williams-graves.com,502-191-9012x69320,"490 Benjamin Tunnel Suite 040
Grahammouth, GA 01550",2023-12-29,48
Mary Ward,carlsonashley@gmail.com,682.870.8339,"613 Valerie Lock
North Tammyville, UT 04424",2020-12-10,22
Matthew Anderson,plee@yahoo.com,+1-869-999-0608x114,"078 Lane Courts
Millermouth, SD 37233",2022-02-28,31
Matthew Anderson,nbrewer@hotmail.com,(874)404-9008x76510,"013 James Courts Suite 066
North Cynthialand, OK 83872",2022-02-18,20
Matthew Morris Jr.,watsonlisa@yahoo.com,707-960-7416x048,"8156 Kelly Plaza Suite 255
Jamesport, WA 39941",2024-06-05,61
Matthew Padilla,jeannemichael@yahoo.com,0259038724,"751 Ryan Manor
Martinezland, WV 11005",2023-12-24,37
Matthew Peterson,mbriggs@gmail.com,+1-516-538-4907x180,"92915 Williams Prairie
West Lesliestad, WA 84430",2024-09-25,49
Matthew Young,robert09@hansen.com,001-038-844-9378x3551,"9870 Taylor Mall Suite 445
Noahland, GA 21370",2023-12-07,54
Megan Cherry,jcampos@hotmail.com,535.376.1699x637,"427 Snyder Corners Apt. 471
Heberttown, WA 34266",2023-10-01,30
Megan Salazar,kristi80@yahoo.com,823-175-2027x2871,"5943 Crystal Vista
Joshuaberg, MA 53734",2022-07-14,68
Meghan Cooke,bryan14@yahoo.com,537-811-0990x4169,"723 Montgomery Views Apt. 240
Port Nicholastown, KS 73251",2021-11-18,32
Melinda Myers,oscott@yahoo.com,4907882735,"97963 Stacey Harbors Apt. 434
Lisashire, RI 36576",2021-09-11,33
Melissa Anderson,uespinoza@hotmail.com,152-105-2239,"6706 Joseph Haven
Lambshire, SD 78497",2024-05-31,40
Melissa Barry,kimberly40@yahoo.com,838-888-6734,"PSC 6795, Box 8480
APO AE 22025",2020-10-09,47
Melissa Stephens,garciaholly@yahoo.com,(797)419-7700,"8264 Huerta Port Suite 362
North Moniquefurt, AZ 88020",2023-12-02,36
Melissa Taylor,gilesjasmine@duran-cobb.com,+1-284-021-1031,"4640 Franklin Islands Suite 718
Carrilloborough, MT 78772",2020-06-27,28
Meredith Butler,kbentley@hotmail.com,914-835-4660,"USNV Novak
FPO AE 62375",2021-03-15,47
Michael Adkins,bcarey@hotmail.com,001-334-177-0901x170,"8037 Green Parkways Apt. 454
New Stevenberg, OK 52449",2024-03-07,61
Michael Anderson,zramos@yahoo.com,549.264.3169,"41164 Derek Fords
Watsontown, AL 86519",2022-06-19,49
Michael Callahan,jamieclark@pierce.com,(826)552-5204,"249 Mueller Skyway
East Patricia, ME 53829",2022-03-05,30
Michael Doyle,latoya37@ortega.com,001-750-977-8074x109,"910 Tyler Ranch Apt. 625
South Jennifermouth, NE 69849",2020-04-02,40
Michael Hart,jacquelinejohnston@yahoo.com,(263)443-5909,"94917 Kevin Ferry Apt. 140
Burgesstown, GA 49743",2020-06-09,31
Michael Knight,probinson@yahoo.com,(413)721-6202,"7257 Rachel Pines Apt. 449
Willieberg, MO 80917",2023-07-25,32
Michael Lozano,gthompson@gmail.com,001-060-722-0610x935,"08992 Brandon Trail Suite 100
Hernandezport, AL 65146",2021-10-04,67
Michael Maddox,kristin83@morgan-brooks.com,001-849-918-0076x9856,"206 Ellen Passage Apt. 858
Martinport, GA 14529",2024-05-26,65
Michael Morrison,morgandonna@small.info,001-548-896-7815,"3128 Zimmerman Trail
Schneiderfort, DE 90943",2022-12-31,68
Michael Murphy,mallory05@patel.com,053.433.7297x35994,"56554 Hall Ports
Youngberg, CO 28784",2020-09-23,24
Michael Patel,johnsonchristina@yahoo.com,(336)969-5706,"0748 Allison Divide
Bruceborough, AR 09238",2020-04-14,45
Michael Powell,ninahill@crosby.com,(065)083-2268x135,"8943 Jesse Rapids
Mitchellmouth, WY 31965",2021-08-29,27
Michael Reynolds,robinsonlawrence@hotmail.com,+1-702-207-4688x8498,"826 Campbell Spring Suite 089
Oliviaville, DC 42304",2023-12-03,60
Michael Velazquez,xschroeder@navarro.biz,851-293-0348x472,"840 Rhodes Branch
East Kimburgh, OR 39130",2024-08-02,27
Michael Ward,phillipskatrina@morgan.com,815.911.6003,"8737 Perez Prairie
Leahstad, NC 78590",2024-10-23,24
Michael Wright,jennifer90@yahoo.com,(710)965-8330,"505 Thompson Village Suite 601
Lake Joe, WY 03695",2020-09-19,56
Michele Hunter,mendozabobby@carrillo-cross.com,001-406-935-7693,"81023 Clark Knoll Suite 217
Hughesside, WA 08537",2024-04-30,25
Michelle Johnson,christinesampson@mendoza.info,640-066-6539,"USNV Bean
FPO AE 57339",2020-06-16,18
Michelle Lee,campbellmax@ayala.net,+1-394-533-2051x3654,"8761 Katherine Pine
Wilsonchester, KS 48473",2024-03-20,37
Michelle Rogers,jackie24@lewis.com,6307113505,"44630 Barnett Falls
West Brianport, ID 88863",2023-06-19,48
Michelle Simmons DVM,hroberson@hotmail.com,900.810.1193x39196,"7402 James Square Suite 727
Rosefort, SC 28102",2022-03-28,56
Michelle Wade,kingnicole@yahoo.com,001-352-651-3941x91219,"2133 Mills Tunnel Suite 175
Lake Joseph, MN 80014",2020-01-12,31
Mike Gates,lorimoody@yahoo.com,+1-778-244-4365x0034,"993 Lamb Loaf Apt. 778
Lake Sandra, MA 58954",2024-11-09,51
Misty Beck,robertrobinson@mclean.com,331-949-2627,"4945 Darrell Heights
Brownside, AK 40648",2024-05-09,26
Mitchell Nunez,chad72@hotmail.com,+1-966-745-7167,"Unit 1529 Box 7644
DPO AE 53632",2020-11-17,28
Molly Sanchez,lisa90@hill.com,001-006-474-4779x22039,"951 Stephen Streets Suite 913
East Andrew, TN 29270",2024-03-20,44
Monica Mcdowell,danielmack@hernandez.com,001-701-409-6063x9956,"Unit 6458 Box 0854
DPO AE 91998",2023-03-28,51
Monica Sullivan,qfuller@horn-nash.com,5260364706,"557 Brittany Ways Suite 881
Piercemouth, NH 41386",2024-10-03,39
Morgan Bryant,heatheryoung@mcneil.com,705.393.1414x3743,"662 Shannon Wells Apt. 152
Scottfort, KS 53495",2021-10-31,50
Morgan Clark,ericjohnson@williams.org,750-963-5298,"07868 Megan Stravenue Suite 777
South Richard, WI 33738",2023-09-28,70
Morgan Smith,william33@gmail.com,001-737-740-6464x800,"03644 Caroline Islands Suite 731
South Douglashaven, RI 82521",2023-05-01,23
Mrs. Dominique Kelly DDS,qwagner@yahoo.com,024.146.9594x57468,"3019 James Tunnel
Lake Diane, LA 10431",2024-08-04,20
Mrs. Jennifer Walters MD,jasontravis@fuentes.org,594.241.1773,"652 Flores Village Apt. 087
South Mary, AZ 11298",2021-01-31,35
Mrs. Lindsey Mcgee,matthew39@hawkins.com,321.709.3662x493,"1115 Matthew Highway Apt. 600
Jenniferport, OH 46075",2021-04-26,52
Mrs. Michele Carrillo,gonzalezchristopher@chapman.com,(528)827-3075,"0649 Barry Prairie Suite 553
New Alexander, MN 23980",2024-04-17,31
Ms. Becky Melton,darlenecarroll@walker.com,446.717.6926,"03500 Turner Extensions Suite 161
Davidfurt, UT 92202",2024-09-11,22
Nancy Banks,qsmith@shannon.biz,001-240-632-1856x7619,"616 Edward River Apt. 638
Laurenland, NM 19547",2024-06-08,31
Nancy Martin,tyler97@henderson.info,700.625.1720x42496,"763 Mcdonald Brook Apt. 057
Brittanyfurt, DC 44922",2021-09-20,52
Natalie Long,feliciaray@dean.com,5516772420,"PSC 1637, Box 5893
APO AA 83908",2022-08-18,51
Nathan Hardy,howelllee@phillips.com,001-609-769-6071x823,"850 Mason Manor
South Joan, NM 50699",2022-04-29,44
Nathan Marshall,ramirezmichael@hill.org,+1-019-547-0343x71585,"942 Kylie Parkways Apt. 430
Heatherfurt, WV 02986",2020-10-16,39
Nathaniel Brown,dhernandez@gmail.com,+1-430-538-1847x331,"14441 Burke Via
North Ivanchester, WV 82624",2024-11-18,47
Nicholas Colon,reginarivera@brady.com,(767)976-4432,"5305 Michael Fields Suite 213
Lake Trevormouth, WY 36937",2022-02-25,52
Nicholas Gonzalez,annagillespie@horton-buckley.net,596.099.8731,"45041 Foley Highway
South Nicole, CT 47701",2023-06-09,48
Nicholas Payne,briana51@hart-phillips.info,415-673-5037,"10492 Kevin Lodge Apt. 136
New Alexander, NV 47960",2023-10-26,47
Nicole David,kristina66@gmail.com,(101)684-6705x326,"0519 Moore Manor
Timothystad, FL 90856",2023-03-20,65
Nicole King,angel43@davies.com,092-514-0822x142,"14947 Dixon Keys
Yoderville, CO 43307",2022-05-14,49
Nicole Lewis,monicastafford@yahoo.com,000-013-6025x0807,"6708 Morrison Shore
Meaganborough, DE 57736",2022-09-04,29
Oscar Nguyen,cheryl32@francis-wade.com,109-675-3323,"444 Anderson Alley
Jasminefort, ND 52310",2021-03-12,19
Paige Garcia,ronalddean@gmail.com,(714)553-7289x85799,"1092 William Highway Suite 188
Fowlershire, OK 05194",2022-07-29,39
Patricia Grant,bowentiffany@kaiser.com,319-842-3741x123,"9958 Waters Valley Suite 022
Amyview, PA 85946",2023-05-01,46
Paul Allen,brandonkeith@hotmail.com,050-087-3454x63868,"22283 Ross Street Suite 305
East Lesliefort, CO 22741",2020-12-23,42
Paul Graves,wmacias@gmail.com,(378)776-3551x66968,"91215 Shelby Highway Suite 697
Christopherside, GA 72846",2023-03-16,59
Paul Thompson,michael78@hotmail.com,485-462-8879,"Unit 8288 Box 1051
DPO AP 26502",2022-05-23,27
Philip Nixon,tammyoconnell@graham.com,665-269-7555x3346,"20554 Ramirez Meadows
South Triciafurt, WV 25338",2020-04-13,26
Philip Orr,amandahernandez@yahoo.com,001-849-311-0669,"4380 Ryan Ranch
Wallaceshire, MT 35121",2020-05-28,42
Philip Rhodes,cunninghamwilliam@robles-johnson.com,473.820.3458x704,"17114 Gonzalez Ridge Suite 573
Garyborough, UT 20695",2020-09-08,55
Rachael Riddle,nicholas63@kline-mccoy.org,245.557.0852,"USCGC Hopkins
FPO AP 79212",2023-07-03,32
Rachel Collier,sfrye@daugherty-martin.net,832.300.5820,"2049 Renee Mountains Suite 606
North Shannonhaven, MT 19465",2020-03-11,18
Rachel Hurley,russellcrystal@hotmail.com,001-575-382-1983,"7283 Pierce Drives Apt. 507
Powersborough, WI 65285",2022-04-08,60
Ralph Moore,hughesjade@yahoo.com,752.205.1912,"6043 Roger Island
Andrewschester, NE 75811",2021-11-10,61
Ralph Pollard,collinsbarbara@yahoo.com,611.100.9187,"1899 Robinson Plains Suite 909
West Phillip, OR 31323",2021-09-24,41
Rebecca Anderson,eferrell@hotmail.com,6233791737,"2092 Jessica Viaduct Suite 682
Lake Daniel, FL 04063",2021-12-26,26
Rebecca Ballard,tmorgan@yahoo.com,001-634-782-7024x8740,"6011 Colleen Neck Suite 664
Brandiview, GA 41595",2024-09-21,55
Regina Baker,jshaw@brown-alexander.biz,(194)534-7353,"964 Conrad Vista Suite 524
Lake Leslie, MO 01533",2023-01-28,41
Richard Austin,brian23@johnston-sparks.com,012.179.0275x9794,"297 Peter Falls Suite 574
West Kimberly, TX 41400",2020-11-24,62
Richard Contreras,trevorthompson@tran-king.com,829-891-8271x975,"Unit 6206 Box 4838
DPO AP 31934",2022-02-18,18
Richard Martinez,tyoung@taylor.org,902.971.8308x633,"8414 Kline Viaduct
West Ryan, LA 35000",2024-01-31,22
Richard Steele,grayshelly@hotmail.com,495-639-4245x315,"Unit 5968 Box 5117
DPO AE 80488",2024-05-07,24
Richard Wallace,laurenadams@gmail.com,916.392.6946x23726,"654 Branch Streets
South Katherine, TN 18641",2023-09-09,57
Rick Smith,daniel52@casey.biz,001-477-418-3701x1336,"253 David Manors
South Annport, NY 73420",2021-09-08,38
Robert Bennett,turnerlori@white-soto.biz,+1-542-682-2796x52838,"PSC 6690, Box 4652
APO AP 86243",2024-08-28,43
Robert Brock,juanmiller@gmail.com,001-891-181-8863x9365,"30685 Lambert Parks Suite 167
Thomasbury, VA 53454",2020-06-12,44
Robert Calhoun,harrislisa@wiley.com,001-700-632-0851,"50571 Roberta Hill
East Staceymouth, MS 44120",2022-03-30,48
Robert Cobb,evasquez@obrien.com,363-696-8354x24539,"8089 David Rapid Suite 486
East Deborahtown, NC 40703",2022-06-19,46
Robert Craig,dennissantos@gmail.com,001-872-782-9361x89848,"10768 Delacruz Squares Suite 287
New Daniel, OR 46015",2022-09-04,32
Robert Garcia,greenevictoria@hotmail.com,577-638-1706x856,"PSC 3853, Box 8956
APO AP 06622",2023-01-06,33
Robert Gill,garylane@hotmail.com,+1-565-555-5617x425,"USCGC Myers
FPO AP 64472",2020-05-25,30
Robert Little,steven83@parker.info,036.947.3908x9547,"7477 Whitney Pike
Mccallburgh, DC 15214",2024-05-15,58
Robert Moyer,shane70@gmail.com,(632)111-6526x445,"Unit 9972 Box 3740
DPO AE 81737",2023-06-21,61
Robert Sanchez,john93@gmail.com,+1-845-646-0180x0436,"46047 Lisa Spur Apt. 163
Port David, NE 68443",2023-05-04,48
Robert Thomas,johnhamilton@miller.org,+1-109-237-4320x97905,"USNV Powers
FPO AP 64062",2023-07-09,50
Robert Thompson,ohughes@garcia.info,751-614-9875,"88949 John Gardens
Jessefort, AR 01254",2021-05-13,56
Robin Atkins,teresamartin@lindsey-castro.com,858-125-1303x3415,"09278 Foster Bypass Apt. 933
Fosterfort, IN 28562",2023-12-08,31
Ronald Browning,jandersen@barnes-wilson.biz,(013)519-2189x45744,"7096 Amber Passage Apt. 053
Deborahhaven, HI 58904",2023-05-31,64
Ryan Avery,beckyfleming@yahoo.com,(731)455-5533,"4815 Amanda Branch Apt. 204
Ashleyburgh, NM 10602",2024-05-08,36
Ryan Morgan,jessicawalker@bryant.com,(968)675-9983,"01540 Smith Ways Apt. 914
Anthonyhaven, MI 75423",2022-09-04,22
Ryan Stanton,clin@walker-smith.net,(067)113-4386,"55973 Teresa Locks
Jessicabury, UT 73605",2020-05-19,23
Sabrina Bennett,popetheresa@johnson-robertson.com,+1-618-650-3233x91551,"14344 Jeffrey Mountain Apt. 579
Amystad, NJ 01311",2024-11-10,29
Sally Davis,david32@hall-johnson.biz,865-045-1503,"298 Tucker Pine Apt. 625
South Juliatown, NJ 43176",2023-07-23,31
Samantha Alexander,wluna@gmail.com,(561)276-5028,"8643 Sydney Ranch
Darrylland, ND 29466",2022-05-07,23
Samantha Scott,wrogers@yahoo.com,(037)355-0380x52442,"3086 Young Island Suite 464
Sancheztown, WA 84105",2023-08-22,33
Samantha Stevens,rachelrobinson@yahoo.com,+1-271-261-3998,"763 Mann Parkways Apt. 100
West Aprilberg, NE 13018",2024-03-09,32
Sandra Anderson,zdavis@ramirez.com,001-977-288-5022x9647,"98944 Christian Forges
Hilltown, RI 93430",2023-09-06,67
Sandra Farrell,salinasemily@gillespie.com,001-206-036-2481x9139,"155 Richard Canyon
Cynthiafurt, IL 58985",2022-06-24,38
Sandra Flores,frazierhannah@houston-fletcher.com,936-333-4282,"17127 Becky Lodge Apt. 565
Rebeccahaven, OH 07827",2021-01-22,62
Sandra Graves,patricksullivan@garcia.com,+1-816-813-9632x784,"8742 Danielle Lake Apt. 722
New Heidi, GA 06177",2022-09-03,61
Sandra Smith,robertsrebecca@yahoo.com,001-013-092-2021x761,"26820 Miller Ranch
South Francisco, MI 40021",2020-03-06,62
Sara Gordon,diana44@wright.org,001-911-758-5135x83634,"336 Schmitt Avenue Apt. 988
Andersonmouth, HI 34251",2024-09-05,64
Sarah Castillo,benjaminwise@hunt.com,001-658-285-8305,"14461 Russell Park Apt. 574
Bradleyhaven, SC 05006",2022-01-21,46
Sarah Gray,michaeltaylor@yahoo.com,533.810.0906x1178,"375 Patrick Park Suite 504
East Richardburgh, TN 37254",2023-06-08,65
Sarah Hernandez,carol82@gmail.com,+1-591-464-5776x4833,"9546 Tiffany Mews
North Heidi, DC 58725",2020-07-25,36
Sarah Lane,jonathandaugherty@yahoo.com,+1-598-581-9973,"312 Lowe Points
North Jacqueline, GA 15981",2022-05-09,48
Sarah Sanders,jerry82@smith-rodriguez.com,735.202.2607x522,"1024 Harris Fords Apt. 999
Davidland, MA 01080",2024-08-05,55
Scott Jones,lowesara@gmail.com,019-243-6368,"08994 Martinez Manor Apt. 126
Lunachester, RI 40709",2022-07-01,62
Sean Cox,morrisgary@yahoo.com,795.956.8226,"887 Teresa Highway
North Joshua, PA 92462",2024-03-05,32
Sean Davis,jo34@douglas.info,001-226-541-8388,"69281 Barbara Estates
Taraport, CA 76212",2022-06-28,54
Sean Henry,edwardsmall@yahoo.com,284.070.5981,"69747 Khan Terrace Apt. 878
Mcleanmouth, MT 69888",2020-02-17,62
Seth Taylor,agiles@duke.com,+1-670-887-5580,"257 Young Hill
Taraland, DE 19542",2022-12-30,54
Shane Cummings,michaelmitchell@gmail.com,122.179.5539,"79152 Randy Ways Apt. 774
Brettton, ID 11923",2023-08-05,64
Shaun Brewer,wcardenas@yahoo.com,603-825-6857,"1423 Middleton Ford
Port Shannon, IN 95005",2024-02-05,21
Sheila Brooks,michaelsmith@allen.com,050.004.6449x858,"805 Henson Highway
Parkland, NH 11598",2023-05-02,43
Shelby Cherry,jefferynorman@jordan.com,(439)395-6646x833,"1852 Smith Meadows Suite 586
East Franciscomouth, OR 61516",2024-09-17,56
Shelley Harris,john85@frye.org,463-285-4151x66525,"16487 Walker Row Apt. 328
Port Andreaview, WV 65929",2020-01-03,37
Shelly Stewart,bryan50@bonilla.com,001-317-187-5245x778,"37855 Christopher Port Suite 338
Michellehaven, UT 38757",2023-06-13,39
Sherry Sims,joshuamartinez@alexander.com,001-133-364-3030,"5477 Moore Flat
Contrerasville, MI 06862",2020-11-24,61
Shirley Scott,cruzmichael@yahoo.com,1561741464,"144 Jeffery Pine Apt. 638
Port Alisha, MT 91950",2020-01-23,38
Sophia Wise,jasonmorris@gmail.com,+1-692-084-4137x702,"12477 Jonathan Divide
Pamelamouth, TX 83332",2022-04-02,37
Spencer Mann,david48@yahoo.com,(452)363-7682x8122,"195 Erika Trail
Boyleland, PA 85895",2024-09-01,22
Stacey Carter,scottshelton@hotmail.com,001-105-725-9580x5914,"1044 John Port
West Vincentberg, ND 72438",2022-02-12,22
Stacy Warner,morenoernest@harris.org,658-174-1634x85488,"5746 Jim Trafficway Suite 854
Port Regina, RI 02769",2023-07-21,30
Stephanie Gordon,melissadalton@chavez-williams.org,085.935.6955x84755,"82235 Smith Fields Apt. 324
North Jennystad, KY 39034",2022-09-17,41
Stephanie Scott,osharp@rhodes.biz,139.294.7151,"31414 Alexis Route Apt. 718
Riveraside, NC 44695",2023-03-30,55
Stephanie Smith,markmccarthy@yahoo.com,786-230-6561,"Unit 7498 Box 4627
DPO AP 30481",2024-09-13,24
Stephanie Velez,charlesnguyen@gmail.com,001-322-817-7753,"67165 Miller Village
East Monica, CO 25172",2023-09-04,26
Stephanie White,fjones@torres.com,419.329.8402x6087,"60862 Juan Green
New Rachel, PA 34793",2021-09-08,30
Stephanie Wilson,adamskelly@moore.info,(541)539-1440x23696,"0713 Sarah Wells Apt. 123
Foxhaven, MN 48005",2024-11-17,65
Stephen Berry,troyanthony@gmail.com,196.158.1478,"73568 Lori Port
West Judith, CA 01108",2020-02-28,44
Stephen Sims,riceryan@marshall.com,843-174-9320x2935,"5943 Lara Ports Apt. 845
Kaitlinville, VT 24533",2024-06-01,41
Stephen Suarez,qlittle@hotmail.com,441-459-1404,"22169 Cummings Hollow Suite 672
West Benjamin, UT 09166",2023-04-03,46
Stephen Williams,sduran@gmail.com,+1-426-003-1265x972,"4513 Fields Street Suite 361
Joymouth, OR 65638",2022-09-27,63
Steven Rasmussen,ihuerta@yahoo.com,(851)896-8993,"0721 James Union
New Craig, MA 88340",2022-05-12,60
Steven Sullivan,vanderson@rodriguez-rocha.net,(339)770-2023,"USS Mercado
FPO AE 03069",2023-11-16,34
Steven Zuniga,qbell@lee.com,564.784.6406x337,"8158 Brown Meadows
Kimside, TX 73902",2023-05-09,43
Susan Collins,samanthalewis@walker.net,(748)074-2916x18584,"5192 Jeremy Meadow
Christopherville, IL 32121",2020-05-03,21
Susan Luna,emercado@smith.biz,(591)756-3062x3221,"Unit 8672 Box 5579
DPO AP 72563",2022-07-05,56
Tamara Jordan,qacosta@yahoo.com,093-088-4104x4632,"75530 John Bridge
Bethfort, KY 68104",2023-03-19,22
Tammy Beard,jasmine61@hotmail.com,263.596.3998x5934,"8577 Christine Club Suite 151
Donaldfort, NV 50005",2022-04-20,70
Tammy Nelson,xhoward@allen.org,035.107.3735x883,"15358 Bishop Ridge
Freemanshire, AZ 17901",2021-06-22,23
Tammy Poole,ashleywu@levine.net,(111)442-9374x101,"678 Ruiz Drive
Brennanport, UT 70043",2022-02-05,31
Teresa Holmes,reevesrichard@hill.com,+1-325-287-1753x65433,"958 Berg Passage Suite 069
Jakeberg, AR 83686",2022-07-07,43
Teresa Juarez,millermary@jackson.info,+1-519-857-8294x71085,"52294 Kaufman Union
South Jonathan, AR 61495",2024-07-19,49
Theresa Hoffman,christopher75@gmail.com,942.968.8258x62279,"07128 Beck Spur Apt. 800
Christopherville, RI 71739",2023-03-07,40
Tiffany Miller,joseph83@melton.com,321.480.9821,"6208 Gutierrez Avenue
Kevinview, VA 11073",2021-06-23,33
Timothy Barnes,leelaura@gmail.com,+1-157-735-2328x39099,"82712 Dean Pine
Jasontown, NY 72705",2024-04-19,66
Timothy Estes,laura15@clark.com,+1-523-047-2642x828,"573 Stevens Estate Suite 766
Port Jamesmouth, NM 73820",2024-06-07,50
Timothy Maldonado,randall57@yahoo.com,(355)754-7440x61673,"2655 Martinez Drives Suite 137
Fitzpatrickport, FL 14960",2024-03-24,26
Timothy Medina,mariamccormick@freeman-white.biz,(325)735-8982,"00270 Glover Lodge Apt. 628
West Amanda, UT 45832",2022-02-09,26
Timothy Mendez,coreysmith@drake-kemp.com,740.423.8212,"672 Mckee Corners
East Steven, IL 65561",2024-06-25,65
Timothy Warren,ahurst@yahoo.com,+1-517-077-6330x0473,"6620 Wilson Key Apt. 897
East Roberthaven, NJ 38483",2020-05-16,49
Tina Castro,gutierrezjoanna@hotmail.com,(020)089-8900x8180,"2816 Jeffrey Gardens Apt. 128
Jacksonview, IL 08725",2024-02-02,60
Tina Moore,dknight@lee.biz,261.568.8677x50582,"72278 Trujillo Extension Apt. 002
Laurentown, VT 21737",2021-08-01,50
Todd Molina,qroberts@yahoo.com,+1-063-397-4339x4575,"98028 Howell Shoals Suite 073
Rodgerston, DE 11799",2022-10-11,58
Todd Smith,cody00@harris.com,(898)011-4862x10816,"396 Deborah Cliffs Suite 168
Port Gabriela, ID 56996",2020-07-11,26
Tony Hanson,arnoldadrian@thompson.info,103-927-8641,"85881 Davis Motorway
Pattersonfurt, KS 79319",2021-08-26,33
Tracey Wilkins,sandrafrazier@nunez.info,001-258-867-7321,"853 Duke Well Apt. 345
Lake Connorville, MO 22336",2022-12-10,33
Tracy Reyes,robert90@mcmahon.com,737.787.9966x56919,"65096 Jessica Court
West Pamela, WI 04004",2021-11-11,28
Tracy Stevens,vluna@yahoo.com,007.561.6967,"0407 Morris Fords
Lake Austinton, MA 23731",2021-09-26,32
Travis Contreras,qjensen@robinson.com,043.305.6654x597,"839 Carter Valley Apt. 258
Victoriaburgh, WI 89252",2021-05-08,34
Travis Lloyd,agarcia@riley.com,(988)047-3433x3608,"618 Smith Union Apt. 923
Sabrinamouth, ID 12418",2022-11-26,34
Travis Moore,samuelchambers@hotmail.com,+1-152-736-5003x92238,"8445 Duncan Union Suite 810
Robinsonfurt, VT 90414",2022-11-08,67
Trevor Dyer,roberthuff@myers.com,436.180.5044x78034,"81611 Richard Greens
New Alexanderburgh, MN 67691",2024-06-17,44
Tyler Smith,lunarachel@vance.biz,+1-132-596-1611x366,"469 Carter Village
Ryanside, WV 13175",2022-10-24,47
Valerie Callahan,thomasmisty@gmail.com,472-835-1154x482,"6424 Ali Throughway
South Jasonbury, CA 26059",2022-02-09,37
Vanessa Morrow,bailey02@hotmail.com,961.347.6708x6151,"3386 Yvette Springs
Port Erica, UT 52815",2023-08-22,66
Vickie Branch,zhenry@johnson-patel.com,876.184.7445x840,"75828 Cheryl Tunnel
West Kristinberg, KY 45394",2021-08-14,22
Victor Cooke,kimberly98@rivers-kramer.com,+1-512-739-2288,"3168 Archer Mill Apt. 876
Kaneville, IL 76540",2024-09-20,68
Virginia Henry,wrhodes@ramirez.com,001-478-688-9376x853,"45665 Brown Route Suite 919
Lake Michaelstad, VA 60890",2021-01-20,67
Walter Scott,ramosmelanie@hotmail.com,(952)922-4560x9083,"1963 Smith Well Suite 194
New Chelseaport, ND 10501",2020-06-02,44
Wendy Duffy,thorne@gmail.com,836-157-9773,"USNV Wood
FPO AE 45638",2021-09-25,48
Wendy Juarez,linda66@price-reynolds.com,343-106-8906,"USCGC Adams
FPO AP 32998",2020-09-06,48
Wesley Martin,jessicanoble@hotmail.com,001-411-203-1880x262,"29511 Dyer Harbor
Wrightfort, ID 72729",2021-12-27,61
Whitney Gonzalez,nancy23@williams-perez.com,700-394-6178x397,"3905 Joshua Fords Apt. 442
Brittanyfort, AL 77670",2023-05-18,57
Whitney Holt,schwartzkenneth@edwards.com,001-913-060-2535,"943 Christine Rue
Pottsborough, MT 91882",2023-09-18,40
Whitney Kelly,hallbrian@patterson.com,257.314.9266x5755,"PSC 5866, Box 1014
APO AP 59930",2022-09-28,62
William Cannon,cmarshall@yahoo.com,(682)873-5121,"Unit 4406 Box 7826
DPO AA 30555",2020-10-31,68
William Garcia,lperry@scott.com,(118)629-6921x50591,"34185 Sherman Well
North Vanessashire, NE 88957",2022-10-13,49
Yolanda Murray,kathyobrien@hotmail.com,+1-481-154-6658x4614,"2863 Garcia Stream
Davidport, LA 85617",2021-03-06,23
